<?xml version="1.0" encoding="utf-8"?>
<!DOCTYPE t:templates [
<!ENTITY hsize0 "10pt">
<!ENTITY hsize1 "12pt">
<!ENTITY hsize2 "14.4pt">
<!ENTITY hsize3 "17.28pt">
<!ENTITY hsize4 "20.736pt">
<!ENTITY hsize5 "24.8832pt">
<!ENTITY hsize0space "7.5pt"> <!-- 0.75 * hsize0 -->
<!ENTITY hsize1space "9pt"> <!-- 0.75 * hsize1 -->
<!ENTITY hsize2space "10.8pt"> <!-- 0.75 * hsize2 -->
<!ENTITY hsize3space "12.96pt"> <!-- 0.75 * hsize3 -->
<!ENTITY hsize4space "15.552pt"> <!-- 0.75 * hsize4 -->
<!ENTITY hsize5space "18.6624pt"> <!-- 0.75 * hsize5 -->
]>
<t:templates xmlns:t="http://nwalsh.com/docbook/xsl/template/1.0"
  xmlns:param="http://nwalsh.com/docbook/xsl/template/1.0/param"
  xmlns:fo="http://www.w3.org/1999/XSL/Format"
  xmlns:xsl="http://www.w3.org/1999/XSL/Transform">

  <!--
      TODO :
      For the XML templates which we've overridden, to wit:
        article (1.65.1)
        set     (1.65.1)
        book    (1.65.1)
        part    (1.65.1)
        preface (1.65.1)
        chapter (1.65.1)
        section (1.71.1)
      find the differences between the docbook stylesheets used at the time
      (indicated after each template) and the one we use now (1.72), and see
      if we have to apply (some of) them to our customized templates (in here) too.
  -->

  <t:titlepage t:element="article" t:wrapper="fo:block"
               font-family="{$title.fontset}">

    <t:titlepage-before t:side="recto">
      <xsl:call-template name="titlepage.logo"/>
    </t:titlepage-before>

    <t:titlepage-content t:side="recto"
               text-align="center">

      <title t:named-template="component.title"
  	   param:node="ancestor-or-self::article[1]"
  	   keep-with-next="always"
  	   font-size="&hsize5;"
  	   font-weight="bold"
           color="{$highlevel.title.color}"/>

      <subtitle/>

      <corpauthor space-before="0.5em"
                  font-size="&hsize2;"/>
      <authorgroup space-before="0.5em"
                   font-size="&hsize2;"/>
      <author space-before="0.5em"
              font-size="&hsize2;"/>
      <edition space-before="0.5em"/>

      <othercredit space-before="0.5em"/>
      <releaseinfo space-before="0.5em"/>
      <copyright space-before="0.5em"/>

      <legalnotice text-align="justify"
                   font-family="{$body.fontset}"/>
      <!-- no space-before here; this is (for now) taken care of in 
           template match="legalnotice" mode="titlepage.mode"
           where it either gets a preceding pagebreak (toplevel article)
           or a space-before (non-toplevel article)
      -->

      <pubdate space-before="0.5em"/>
      <revhistory space-before="0.5em"/>
      <abstract space-before="0.5em"
  	      text-align="start"
  	      margin-left="0.5in"
                margin-right="0.5in"
                font-family="{$body.fontset}"/>
    </t:titlepage-content>

    <t:titlepage-before t:side="verso">
    </t:titlepage-before>

    <t:titlepage-content t:side="verso">
    </t:titlepage-content>

    <t:titlepage-separator>
    </t:titlepage-separator>

  </t:titlepage>


  <!-- ==================================================================== -->


  <t:titlepage t:element="set" t:wrapper="fo:block">

    <t:titlepage-before t:side="recto">
      <xsl:call-template name="titlepage.logo"/>
    </t:titlepage-before>

    <t:titlepage-content t:side="recto">
        <title
  	     t:named-template="division.title"
  	     param:node="ancestor-or-self::set[1]"
  	     text-align="center"
  	     font-size="&hsize5;"
  	     space-before="&hsize5space;"
  	     font-weight="bold"
  	     font-family="{$title.fontset}"
             color="{$highlevel.title.color}"/>
      <subtitle
  	      font-family="{$title.fontset}"
  	      text-align="center"/>
      <corpauthor/>
      <authorgroup/>
      <author/>
      <edition/>
      <othercredit/>
      <releaseinfo/>
      <copyright/>
      <legalnotice/>
      <pubdate/>
      <revhistory/>
      <abstract/>
    </t:titlepage-content>

    <t:titlepage-before t:side="verso">
    </t:titlepage-before>

    <t:titlepage-content t:side="verso">
    </t:titlepage-content>

    <t:titlepage-separator>
    </t:titlepage-separator>

  </t:titlepage>


  <!-- ==================================================================== -->


  <t:titlepage t:element="book" t:wrapper="fo:block">

    <t:titlepage-before t:side="recto">
      <xsl:call-template name="titlepage.logo"/>
    </t:titlepage-before>

    <t:titlepage-content t:side="recto">
      <title
	     t:named-template="division.title"
	     param:node="ancestor-or-self::book[1]"
	     text-align="center"
	     font-size="&hsize5;"
	     space-before="&hsize5space;"
	     font-weight="bold"
	     font-family="{$title.fontset}"
             color="{$highlevel.title.color}"/>
      <subtitle
		text-align="center"
		space-before="0.5em"
		font-family="{$title.fontset}"
		font-style="italic"
                color="{$highlevel.title.color}"/>
      <corpauthor font-size="&hsize3;"
		  keep-with-next="always"
		  space-before="2in"/>
      <authorgroup space-before="2in"/>
      <author font-size="&hsize3;"
	      space-before="2em"
	      keep-with-next="always"/>
      <edition space-before="0.5em"/>
    </t:titlepage-content>

    <t:titlepage-before t:side="verso">
        <fo:block break-after="page"/>
    </t:titlepage-before>

    <t:titlepage-content t:side="verso">
        <title
  	     t:named-template="book.verso.title"
  	     font-size="&hsize3;"
  	     font-weight="bold"
  	     font-family="{$title.fontset}"/>
        <subtitle
  	     font-weight="bold"
             font-style="italic"
  	     font-family="{$title.fontset}"
             space-after="1em"/>
        <edition/>
        <corpauthor/>
        <authorgroup t:named-template="verso.authorgroup"/>
        <author/>
        <othercredit/>
        <pubdate space-before="1em"/>
        <copyright/>
        <abstract/>
        <legalnotice/>
    </t:titlepage-content>

    <t:titlepage-separator>
        <fo:block break-after="page"/>
    </t:titlepage-separator>

  </t:titlepage>


  <!-- ==================================================================== -->


  <t:titlepage t:element="part" t:wrapper="fo:block">
    <t:titlepage-content t:side="recto">
        <title
  	     t:named-template="division.title"
  	     param:node="ancestor-or-self::part[1]"
  	     text-align="center"
  	     font-size="&hsize5;"
  	     space-before="&hsize5space;"
  	     font-weight="bold"
  	     font-family="{$title.fontset}"
             color="{$midlevel.title.color}"/>
      <subtitle
  	      text-align="center"
  	      font-size="&hsize4;"
  	      space-before="&hsize4space;"
  	      font-weight='bold'
  	      font-style='italic'
  	      font-family="{$title.fontset}"/>
    </t:titlepage-content>
  
    <t:titlepage-content t:side="verso">
    </t:titlepage-content>

    <t:titlepage-separator>
    </t:titlepage-separator>
  
    <t:titlepage-before t:side="recto">
    </t:titlepage-before>
  
    <t:titlepage-before t:side="verso">
    </t:titlepage-before>
  </t:titlepage>


  <!-- ==================================================================== -->


  <t:titlepage t:element="preface" t:wrapper="fo:block">
    <t:titlepage-content t:side="recto">
      <title
	     t:force="1"
	     t:named-template="component.title"
	     param:node="ancestor-or-self::preface[1]"
	     margin-left="{$title.margin.left}"
	     font-size="&hsize5;"
	     font-family="{$title.fontset}"
	     font-weight="bold"
             color="{$midlevel.title.color}"/>
      <subtitle
		font-family="{$title.fontset}"/>
      <corpauthor/>
      <authorgroup/>
      <author/>
      <othercredit/>
      <releaseinfo/>
      <copyright/>
      <legalnotice/>
      <pubdate/>
      <revision/>
      <revhistory/>
      <abstract/>
    </t:titlepage-content>

    <t:titlepage-content t:side="verso">
    </t:titlepage-content>

    <t:titlepage-separator>
    </t:titlepage-separator>

    <t:titlepage-before t:side="recto">
    </t:titlepage-before>

    <t:titlepage-before t:side="verso">
    </t:titlepage-before>
  </t:titlepage>


  <!-- ==================================================================== -->


  <t:titlepage t:element="chapter" t:wrapper="fo:block"
               font-family="{$title.fontset}" space-after="2em">
    <t:titlepage-content t:side="recto" margin-left="{$title.margin.left}">
      <title t:named-template="component.title"
	     param:node="ancestor-or-self::chapter[1]"
	     font-size="&hsize5;"
	     font-weight="bold"
             color="{$midlevel.title.color}"/>

      <subtitle space-before="0.5em"
		font-style="italic"
		font-size="&hsize2;"
		font-weight="bold"
                color="{$midlevel.title.color}"/>

      <corpauthor  space-before="0.5em"
	           space-after="0.5em"
                   font-size="&hsize2;"/>

      <authorgroup space-before="0.5em"
	           space-after="0.5em"
                   font-size="&hsize2;"/>

      <author      space-before="0.5em"
	           space-after="0.5em"
                   font-size="&hsize2;"/>

      <othercredit/>
      <releaseinfo/>
      <copyright/>
      <legalnotice/>
      <pubdate/>
      <revision/>
      <revhistory/>
      <abstract/>
    </t:titlepage-content>

    <t:titlepage-content t:side="verso">
    </t:titlepage-content>

    <t:titlepage-separator>
    </t:titlepage-separator>

    <t:titlepage-before t:side="recto">
    </t:titlepage-before>

    <t:titlepage-before t:side="verso">
    </t:titlepage-before>
  </t:titlepage>


  <!-- ==================================================================== -->


  <t:titlepage t:element="section" t:wrapper="fo:block">
    <t:titlepage-content t:side="recto" keep-with-next.within-page="always">
      <title
  	   margin-left="{$title.margin.left}"
  	   font-family="{$title.fontset}"/>
      <subtitle
  	      font-family="{$title.fontset}"/>
      <corpauthor/>
      <authorgroup/>
      <author/>
      <othercredit/>
      <releaseinfo/>
      <copyright/>
      <legalnotice/>
      <pubdate/>
      <revision/>
      <revhistory/>
      <abstract/>
    </t:titlepage-content>

    <t:titlepage-content t:side="verso">
    </t:titlepage-content>

    <t:titlepage-separator>
    </t:titlepage-separator>

    <t:titlepage-before t:side="recto">
    </t:titlepage-before>

    <t:titlepage-before t:side="verso">
    </t:titlepage-before>
  </t:titlepage>


  <!-- ==================================================================== -->


  <t:titlepage t:element="appendix" t:wrapper="fo:block">
    <t:titlepage-content t:side="recto">
      <title
	     t:named-template="component.title"
	     param:node="ancestor-or-self::appendix[1]"
	     margin-left="{$title.margin.left}"
	     font-size="&hsize5;"
	     font-weight="bold"
	     font-family="{$title.fontset}"
             color="{$midlevel.title.color}"/>
      <subtitle
             font-family="{$title.fontset}"/>
      <corpauthor/>
      <authorgroup/>
      <author/>
      <othercredit/>
      <releaseinfo/>
      <copyright/>
      <legalnotice/>
      <pubdate/>
      <revision/>
      <revhistory/>
      <abstract/>
    </t:titlepage-content>

    <t:titlepage-content t:side="verso">
    </t:titlepage-content>
  
    <t:titlepage-separator>
    </t:titlepage-separator>

    <t:titlepage-before t:side="recto">
    </t:titlepage-before>
  
    <t:titlepage-before t:side="verso">
    </t:titlepage-before>
  </t:titlepage>

  <!-- ==================================================================== -->
  
</t:templates>

