<!DOCTYPE chapter>
<preface xmlns="http://docbook.org/ns/docbook" version="5.0" xml:id="intro" xml:lang="ru">
    <info>
        <title>Введение</title>
    </info>
    <para>В Firebird уже достаточно давно существует возможность расширения возможностей языка PSQL
        с помощью написания внешних функций — UDF (User Defined Functions). UDF можно писать
        практически на любом компилируемом языке программирования.</para>
    <para>В Firebird 3.0 была введена плагинная архитектура для расширения возможностей Firebird.
        Одним из таких плагинов является External Engine (внешние движки). Механизм UDR (User
        Defined Routines — определяемые пользователем подпрограммы) добавляет слой поверх интерфейса
        движка FirebirdExternal. UDR имеют следующие преимущества по сравнению с UDF: <itemizedlist>
            <listitem>
                <para>можно писать не только функции возвращающие скалярный результат, но и хранимые
                    процедуры (как выполняемые, так и селективные), а так же триггеры;</para>
            </listitem>
            <listitem>
                <para>улучшенный контроль входных и выходных параметров. В ряде случаев (передача по
                    дескриптору) типы и другие свойства входных параметров вообще не
                    контролировались, однако вы могли получить эти свойства внутри UDF. UDR
                    предоставляют более унифицированный способ объявления входных и выходных
                    параметров, так как это делается в случае с обычными PSQL функциями и
                    процедурами;</para>
            </listitem>
            <listitem>
                <para>UDR доступен контекст текущего соединения или транзакции, что позволяет
                    выполнять некоторые манипуляции с текущей базой данных в этом контексте;</para>
            </listitem>
            <listitem>
                <para>внешние процедуры и функции (UDR) можно группировать в PSQL пакетах;</para>
            </listitem>
            <listitem>
                <para>UDR могут быть написаны на любом языке программирования (необязательно
                    компилируемые в объектные коды), для этого необходимо чтобы был написан
                    соответствующий External Engine плагин. Например, существуют плагины для
                    написания внешних модулей на Java или на любом из .NET языков.</para>
            </listitem>
        </itemizedlist></para>

    <note>
        <para>Текущая реализация UDR использует PSQL заглушку. Например, она используется для
            проверки параметров и возвращаемых значений на соответствие ограничениям. Заглушка была
            использована из-за негибкости для прямого вызова внутренних функций. Результаты теста по
            сравнению производительности UDR и UDF показывает, что UDR примерно в 2.5 раза медленнее
            на примере простейшей функции сложения двух аргументов. Скорость UDR приблизительно
            равна скорости обычной PSQL функции. Возможно в будущем этот момент будет оптимизирован.
            В более сложных функциях эти накладные расходы могут стать незаметными.</para>
    </note>

    <para>В данном руководстве мы расскажем как объявлять UDR, о их внутренних механизмах,
        возможностях и приведём примеры написания UDR на языке Pascal. Кроме того, будут затронуты
        некоторые аспекты использования нового объектно-ориентированного API.</para>

    <para>Далее в различных главах этого руководства при употреблении терминов внешняя процедура,
        функция или триггер мы будем иметь ввиду именно UDR (а не UDF).</para>

    <note>
        <para>Все наши примеры работают на Delphi 2009 и старше, а так же на Free Pascal. Все
            примеры могут быть скомпилированы как в Delphi, так и в Free Pascal, если это не
            оговорено отдельно.</para>
    </note>
</preface>
