<?xml version="1.0" encoding="utf-8"?>
<!--

Syntax highlighting definition for PSQL

xslthl - XSLT Syntax Highlighting
http://sourceforge.net/projects/xslthl/
Copyright (C) 2012 Michiel Hendriks, Martin Hujer, k42b3

-->
<highlighters>
   <highlighter type="oneline-comment">--</highlighter>
   <highlighter type="multiline-comment">
      <start>/*</start>
      <end>*/</end>
   </highlighter>
   <highlighter type="string">
      <string>'</string>
      <doubleEscapes/>
   </highlighter>
   <highlighter type="string">
      <string>Q'</string>
      <endString>'</endString>
      <doubleEscapes/>
   </highlighter>
   <highlighter type="string">
      <string>X'</string>
      <endString>'</endString>
      <doubleEscapes/>
   </highlighter>
   <highlighter type="number">
      <point>.</point>
      <pointStarts/>
      <exponent>e</exponent>
      <ignoreCase/>
   </highlighter>
   <highlighter type="keywords">
      <ignoreCase/>
      <!-- reserved -->
      <keyword>ABS</keyword>
      <keyword>ABSOLUTE</keyword>
      <keyword>ACCENT</keyword>
      <keyword>ACOS</keyword>
      <keyword>ACOSH</keyword>
      <keyword>ACTION</keyword>
      <keyword>ACTIVE</keyword>
      <keyword>ADD</keyword>
      <keyword>ADMIN</keyword>
      <keyword>AFTER</keyword>
      <keyword>ALL</keyword>
      <keyword>ALTER</keyword>
      <keyword>ALWAYS</keyword>
      <keyword>AND</keyword>
      <keyword>ANY</keyword>
      <keyword>AS</keyword>
      <keyword>ASC</keyword>
      <keyword>ASCENDING</keyword>
      <keyword>ASCII_CHAR</keyword>
      <keyword>ASCII_VAL</keyword>
      <keyword>ASIN</keyword>
      <keyword>ASINH</keyword>
      <keyword>AT</keyword>
      <keyword>ATAN</keyword>
      <keyword>ATAN2</keyword>
      <keyword>ATANH</keyword>
      <keyword>AUTO</keyword>
      <keyword>AUTONOMOUS</keyword>
      <keyword>AVG</keyword>
      <keyword>BACKUP</keyword>
      <keyword>BEFORE</keyword>
      <keyword>BEGIN</keyword>
      <keyword>BETWEEN</keyword>
      <keyword>BIGINT</keyword>
      <keyword>BIN_AND</keyword>
      <keyword>BIN_NOT</keyword>
      <keyword>BIN_OR</keyword>
      <keyword>BIN_SHL</keyword>
      <keyword>BIN_SHR</keyword>
      <keyword>BIN_XOR</keyword>
      <keyword>BIT_LENGTH</keyword>
      <keyword>BLOB</keyword>
      <keyword>BLOCK</keyword>
      <keyword>BODY</keyword>
      <keyword>BOOLEAN</keyword>
      <keyword>BOTH</keyword>
      <keyword>BREAK</keyword>
      <keyword>BY</keyword>
      <keyword>CALLER</keyword>
      <keyword>CASCADE</keyword>
      <keyword>CASE</keyword>
      <keyword>CAST</keyword>
      <keyword>CEIL</keyword>
      <keyword>CEILING</keyword>
      <keyword>CHAR</keyword>
      <keyword>CHAR_LENGTH</keyword>
      <keyword>CHAR_TO_UUID</keyword>
      <keyword>CHARACTER</keyword>
      <keyword>CHARACTER_LENGTH</keyword>
      <keyword>CHECK</keyword>
      <keyword>CLOSE</keyword>
      <keyword>COALESCE</keyword>
      <keyword>COLLATE</keyword>
      <keyword>COLLATION</keyword>
      <keyword>COLUMN</keyword>
      <keyword>COMMENT</keyword>
      <keyword>COMMIT</keyword>
      <keyword>COMMITTED</keyword>
      <keyword>COMMON</keyword>
      <keyword>COMPUTED</keyword>
      <keyword>CONDITIONAL</keyword>
      <keyword>CONNECT</keyword>
      <keyword>CONSTRAINT</keyword>
      <keyword>CONTAINING</keyword>
      <keyword>CONTINUE</keyword>
      <keyword>CORR</keyword>
      <keyword>COS</keyword>
      <keyword>COSH</keyword>
      <keyword>COT</keyword>
      <keyword>COUNT</keyword>
      <keyword>COVAR_POP</keyword>
      <keyword>COVAR_SAMP</keyword>
      <keyword>CREATE</keyword>
      <keyword>CROSS</keyword>
      <keyword>CSTRING</keyword>
      <keyword>CURRENT</keyword>
      <keyword>CURRENT_CONNECTION</keyword>
      <keyword>CURRENT_DATE</keyword>
      <keyword>CURRENT_ROLE</keyword>
      <keyword>CURRENT_TIME</keyword>
      <keyword>CURRENT_TIMESTAMP</keyword>
      <keyword>CURRENT_TRANSACTION</keyword>
      <keyword>CURRENT_USER</keyword>
      <keyword>CURSOR</keyword>
      <keyword>DATA</keyword>
      <keyword>DATABASE</keyword>
      <keyword>DATE</keyword>
      <keyword>DATEADD</keyword>
      <keyword>DATEDIFF</keyword>
      <keyword>DAY</keyword>
      <keyword>DEC</keyword>
      <keyword>DDL</keyword>
      <keyword>DECIMAL</keyword>
      <keyword>DECLARE</keyword>
      <keyword>DECODE</keyword>
      <keyword>DECRYPT</keyword>
      <keyword>DEFAULT</keyword>
      <keyword>DELETE</keyword>
      <keyword>DELETING</keyword>
      <keyword>DENSE_RANK</keyword>
      <keyword>DESC</keyword>
      <keyword>DESCENDING</keyword>
      <keyword>DESCRIPTOR</keyword>
      <keyword>DETERMINISTIC</keyword>
      <keyword>DIFFERENCE</keyword>
      <keyword>DISCONNECT</keyword>
      <keyword>DISTINCT</keyword>
      <keyword>DO</keyword>
      <keyword>DOMAIN</keyword>
      <keyword>DOUBLE</keyword>
      <keyword>DROP</keyword>
      <keyword>ELSE</keyword>
      <keyword>ENCRYPT</keyword>
      <keyword>END</keyword>
      <keyword>ENGINE</keyword>
      <keyword>ENTRY_POINT</keyword>
      <keyword>ESCAPE</keyword>
      <keyword>EXCEPTION</keyword>
      <keyword>EXECUTE</keyword>
      <keyword>EXISTS</keyword>
      <keyword>EXIT</keyword>
      <keyword>EXP</keyword>
      <keyword>EXTERNAL</keyword>
      <keyword>EXTRACT</keyword>
      <keyword>FALSE</keyword>
      <keyword>FETCH</keyword>
      <keyword>FILE</keyword>
      <keyword>FILTER</keyword>
      <keyword>FIRST</keyword>
      <keyword>FIRST_VALUE</keyword>
      <keyword>FIRSTNAME</keyword>
      <keyword>FLOAT</keyword>
      <keyword>FLOOR</keyword>
      <keyword>FOR</keyword>
      <keyword>FOREIGN</keyword>
      <keyword>FREE_IT</keyword>
      <keyword>FROM</keyword>
      <keyword>FULL</keyword>
      <keyword>FUNCTION</keyword>
      <keyword>GDSCODE</keyword>
      <keyword>GEN_ID</keyword>
      <keyword>GEN_UUID</keyword>
      <keyword>GENERATED</keyword>
      <keyword>GENERATOR</keyword>
      <keyword>GLOBAL</keyword>
      <keyword>GRANT</keyword>
      <keyword>GRANTED</keyword>
      <keyword>GROUP</keyword>
      <keyword>HASH</keyword>
      <keyword>HAVING</keyword>
      <keyword>HOUR</keyword>
      <keyword>IDENTITY</keyword>
      <keyword>IF</keyword>
      <keyword>IGNORE</keyword>
      <keyword>IIF</keyword>
      <keyword>IN</keyword>
      <keyword>INACTIVE</keyword>
      <keyword>INCREMENT</keyword>
      <keyword>INDEX</keyword>
      <keyword>INNER</keyword>
      <keyword>INPUT_TYPE</keyword>
      <keyword>INSENSITIVE</keyword>
      <keyword>INSERT</keyword>
      <keyword>INSERTING</keyword>
      <keyword>INT</keyword>
      <keyword>INTEGER</keyword>
      <keyword>INTO</keyword>
      <keyword>IS</keyword>
      <keyword>ISOLATION</keyword>
      <keyword>JOIN</keyword>
      <keyword>KEY</keyword>
      <keyword>LAG</keyword>
      <keyword>LAST</keyword>
      <keyword>LAST_VALUE</keyword>
      <keyword>LASTNAME</keyword>
      <keyword>LEAD</keyword>
      <keyword>LEADING</keyword>
      <keyword>LEAVE</keyword>
      <keyword>LEFT</keyword>
      <keyword>LENGTH</keyword>
      <keyword>LEVEL</keyword>
      <keyword>LIKE</keyword>
      <keyword>LIMBO</keyword>
      <keyword>LINGER</keyword>
      <keyword>LIST</keyword>
      <keyword>LN</keyword>
      <keyword>LOCK</keyword>
      <keyword>LOG</keyword>
      <keyword>LOG10</keyword>
      <keyword>LONG</keyword>
      <keyword>LOWER</keyword>
      <keyword>LPAD</keyword>
      <keyword>MANUAL</keyword>
      <keyword>MAPPING</keyword>
      <keyword>MATCHED</keyword>
      <keyword>MATCHING</keyword>
      <keyword>MAX</keyword>
      <keyword>MAXIMUM_SEGMENT</keyword>
      <keyword>MAXVALUE</keyword>
      <keyword>MERGE</keyword>
      <keyword>MIDDLENAME</keyword>
      <keyword>MILLISECOND</keyword>
      <keyword>MIN</keyword>
      <keyword>MINUTE</keyword>
      <keyword>MINVALUE</keyword>
      <keyword>MOD</keyword>
      <keyword>MODULE_NAME</keyword>
      <keyword>MONTH</keyword>
      <keyword>NAME</keyword>
      <keyword>NAMES</keyword>
      <keyword>NATIONAL</keyword>
      <keyword>NATURAL</keyword>
      <keyword>NCHAR</keyword>
      <keyword>NEXT</keyword>
      <keyword>NO</keyword>
      <keyword>NOT</keyword>
      <keyword>NTH_VALUE</keyword>
      <keyword>NULL</keyword>
      <keyword>NULLIF</keyword>
      <keyword>NULLS</keyword>
      <keyword>NUMERIC</keyword>
      <keyword>OCTET_LENGTH</keyword>
      <keyword>OF</keyword>
      <keyword>OFFSET</keyword>
      <keyword>ON</keyword>
      <keyword>ONLY</keyword>
      <keyword>OPEN</keyword>
      <keyword>OPTION</keyword>
      <keyword>OR</keyword>
      <keyword>ORDER</keyword>
      <keyword>OS_NAME</keyword>
      <keyword>OUTER</keyword>
      <keyword>OUTPUT_TYPE</keyword>
      <keyword>OVER</keyword>
      <keyword>OVERFLOW</keyword>
      <keyword>OVERLAY</keyword>
      <keyword>PACKAGE</keyword>
      <keyword>PAD</keyword>
      <keyword>PAGE</keyword>
      <keyword>PAGE_SIZE</keyword>
      <keyword>PAGES</keyword>
      <keyword>PARAMETER</keyword>
      <keyword>PARTITION</keyword>
      <keyword>PASSWORD</keyword>
      <keyword>PI</keyword>
      <keyword>PLACING</keyword>
      <keyword>PLAN</keyword>
      <keyword>PLUGIN</keyword>
      <keyword>POSITION</keyword>
      <keyword>POST_EVENT</keyword>
      <keyword>POWER</keyword>
      <keyword>PRECISION</keyword>
      <keyword>PRESERVE</keyword>
      <keyword>PRIMARY</keyword>
      <keyword>PRIOR</keyword>
      <keyword>PRIVILEGES</keyword>
      <keyword>PROCEDURE</keyword>
      <keyword>PROTECTED</keyword>
      <keyword>RAND</keyword>
      <keyword>RANK</keyword>
      <keyword>RDB$GET_CONTEXT</keyword>
      <keyword>RDB$DB_KEY</keyword>
      <keyword>RDB$RECORD_VERSION</keyword>
      <keyword>RDB$SET_CONTEXT</keyword>
      <keyword>READ</keyword>
      <keyword>REAL</keyword>
      <keyword>RECORD_VERSION</keyword>
      <keyword>RECREATE</keyword>
      <keyword>RECURSIVE</keyword>
      <keyword>REFERENCES</keyword>
      <keyword>REGR_AVGX</keyword>
      <keyword>REGR_AVGY</keyword>
      <keyword>REGR_COUNT</keyword>
      <keyword>REGR_INTERCEPT</keyword>
      <keyword>REGR_R2</keyword>
      <keyword>REGR_SLOPE</keyword>
      <keyword>REGR_SXX</keyword>
      <keyword>REGR_SXY</keyword>
      <keyword>REGR_SYY</keyword>
      <keyword>RELATIVE</keyword>
      <keyword>RELEASE</keyword>
      <keyword>REPLACE</keyword>
      <keyword>REQUESTS</keyword>
      <keyword>RESERV</keyword>
      <keyword>RESERVING</keyword>
      <keyword>RESTART</keyword>
      <keyword>RESTRICT</keyword>
      <keyword>RETAIN</keyword>
      <keyword>RETURN</keyword>
      <keyword>RETURNING</keyword>
      <keyword>RETURNING_VALUES</keyword>
      <keyword>RETURNS</keyword>
      <keyword>REVERSE</keyword>
      <keyword>REVOKE</keyword>
      <keyword>RIGHT</keyword>
      <keyword>ROLE</keyword>
      <keyword>ROLLBACK</keyword>
      <keyword>ROUND</keyword>
      <keyword>ROW</keyword>
      <keyword>ROW_COUNT</keyword>
      <keyword>ROW_NUMBER</keyword>
      <keyword>ROWS</keyword>
      <keyword>RPAD</keyword>
      <keyword>SAVEPOINT</keyword>
      <keyword>SCALAR_ARRAY</keyword>
      <keyword>SCHEMA</keyword>
      <keyword>SCROLL</keyword>
      <keyword>SECOND</keyword>
      <keyword>SEGMENT</keyword>
      <keyword>SELECT</keyword>
      <keyword>SENSITIVE</keyword>
      <keyword>SEQUENCE</keyword>
      <keyword>SERVERWIDE</keyword>
      <keyword>SET</keyword>
      <keyword>SHADOW</keyword>
      <keyword>SHARED</keyword>
      <keyword>SIGN</keyword>
      <keyword>SIMILAR</keyword>
      <keyword>SIN</keyword>
      <keyword>SINGULAR</keyword>
      <keyword>SINH</keyword>
      <keyword>SIZE</keyword>
      <keyword>SKIP</keyword>
      <keyword>SMALLINT</keyword>
      <keyword>SNAPSHOT</keyword>
      <keyword>SOME</keyword>
      <keyword>SORT</keyword>
      <keyword>SOURCE</keyword>
      <keyword>SPACE</keyword>
      <keyword>SQLCODE</keyword>
      <keyword>SQLSTATE</keyword>
      <keyword>SQRT</keyword>
      <keyword>STABILITY </keyword>
      <keyword>START</keyword>
      <keyword>STARTING</keyword>
      <keyword>STARTS</keyword>
      <keyword>STATEMENT</keyword>
      <keyword>STATISTICS</keyword>
      <keyword>STDDEV_POP</keyword>
      <keyword>STDDEV_SAMP</keyword>
      <keyword>SUB_TYPE</keyword>
      <keyword>SUBSTRING</keyword>
      <keyword>SUM</keyword>
      <keyword>SUSPEND</keyword>
      <keyword>TABLE</keyword>
      <keyword>TAGS</keyword>
      <keyword>TAN</keyword>
      <keyword>TANH</keyword>
      <keyword>TEMPORARY</keyword>
      <keyword>THEN</keyword>
      <keyword>TIME</keyword>
      <keyword>TIMEOUT</keyword>
      <keyword>TIMESTAMP</keyword>
      <keyword>TO</keyword>
      <keyword>TRAILING</keyword>
      <keyword>TRANSACTION</keyword>
      <keyword>TRIGGER</keyword>
      <keyword>TRIM</keyword>
      <keyword>TRUE</keyword>
      <keyword>TRUNC</keyword>
      <keyword>TRUSTED</keyword>
      <keyword>TWO_PHASE</keyword>
      <keyword>TYPE</keyword>
      <keyword>UNCOMMITTED</keyword>
      <keyword>UNDO</keyword>
      <keyword>UNION</keyword>
      <keyword>UNIQUE</keyword>
      <keyword>UNKNOWN</keyword>
      <keyword>UPDATE</keyword>
      <keyword>UPDATING</keyword>
      <keyword>UPPER</keyword>
      <keyword>USAGE</keyword>
      <keyword>USER</keyword>
      <keyword>USING</keyword>
      <keyword>UUID_TO_CHAR</keyword>
      <keyword>VALUE</keyword>
      <keyword>VALUES</keyword>
      <keyword>VAR_POP</keyword>
      <keyword>VAR_SAMP</keyword>
      <keyword>VARCHAR</keyword>
      <keyword>VARIABLE</keyword>
      <keyword>VARYING</keyword>
      <keyword>VIEW</keyword>
      <keyword>WAIT</keyword>
      <keyword>WEEK</keyword>
      <keyword>WEEKDAY</keyword>
      <keyword>WHEN</keyword>
      <keyword>WHERE</keyword>
      <keyword>WHILE</keyword>
      <keyword>WITH</keyword>
      <keyword>WORK</keyword>
      <keyword>WRITE</keyword>
      <keyword>YEAR</keyword>
      <keyword>YEARDAY</keyword>
   </highlighter>
</highlighters>
